{"cameraMode":{"drawMode":0,"name":"Shaded","section":"Shading Mode"},"sceneLighting":false,"audioPlay":false,"sceneViewState":{"m_AlwaysRefresh":false,"showFog":true,"showSkybox":false,"showFlares":true,"showImageEffects":true,"showParticleSystems":true,"showVisualEffectGraphs":true,"m_FxEnabled":true},"in2DMode":false,"pivot":{"x":-13.020000457763672,"y":1.1700000762939454,"z":0.4131889343261719},"rotation":{"x":0.4884287416934967,"y":-0.007857097312808037,"z":0.004399286117404699,"w":0.8725605607032776},"size":1.2247449159622193,"orthographic":false}