{"cameraMode":{"drawMode":0,"name":"Shaded","section":"Shading Mode"},"sceneLighting":false,"audioPlay":false,"sceneViewState":{"m_AlwaysRefresh":false,"showFog":true,"showSkybox":false,"showFlares":true,"showImageEffects":true,"showParticleSystems":true,"showVisualEffectGraphs":true,"m_FxEnabled":true},"in2DMode":false,"pivot":{"x":-0.08770111203193665,"y":-0.1787588894367218,"z":0.8262712359428406},"rotation":{"x":-0.25784704089164736,"y":0.6838861107826233,"z":-0.2841663062572479,"w":-0.6205536723136902},"size":0.3277750313282013,"orthographic":false}